{"template":"inbio","mods":{"0":false,"nav_menu_locations":{"primary":2,"sidenav":14},"custom_css_post_id":453,"sidebars_widgets":{"time":1660388689,"data":{"wp_inactive_widgets":[],"sidebar-1":["search-2","rainbow_recent_post-2","categories-2","rainbow_social_widget-3","tag_cloud-2"],"footer-1":["media_image-2","rainbow_social_widget-2"],"footer-2":["nav_menu-2"],"footer-3":["nav_menu-3"],"footer-4":["nav_menu-4"],"rainbow-new-sidebar":[]}}},"options":[],"wp_css":".elementor-text-editor p{\n\tcolor:inherit;\n\tfont-size:inherit;\n\tfont-weight:inherit;\n}\n .rn-header.header--fixed.rb-sticky {\n\tdisplay: block;\n}\n.padding-left-0 .contact-form-wrapper{\n\tmargin-left:0;\n}"}