{"last_tab":"","active_dark_mode":"1","active_box_wrapper":"0","rainbow_logo_type":"image","rainbow_head_logo":{"url":"https:\/\/rainbowit.net\/themes\/inbio\/wp-content\/themes\/inbio\/assets\/images\/logo\/logo-dark.png","id":"","height":"","width":"","thumbnail":""},"rainbow_light_logo":{"url":"https:\/\/rainbowit.net\/themes\/inbio\/wp-content\/themes\/inbio\/assets\/images\/logo\/logo.png","id":"","height":"","width":"","thumbnail":""},"rainbow_head_logo_sidebav":{"url":"https:\/\/rainbowit.net\/themes\/inbio\/wp-content\/themes\/inbio\/assets\/images\/logo\/logo-06.png","id":"","height":"","width":"","thumbnail":""},"rainbow_head_mobile_logo_sidebav":{"url":"https:\/\/rainbowit.net\/themes\/inbio\/wp-content\/themes\/inbio\/assets\/images\/logo\/logos-circle.png","id":"","height":"","width":"","thumbnail":""},"rainbow_head_mobile_description":"Inbio is a all in one personal portfolio WordPress theme. You can customize everything.","rainbow_logo_max_height":{"height":"","units":"px"},"rainbow_logo_padding":{"units":"px","padding-top":"","padding-right":"","padding-bottom":"","padding-left":""},"rainbow_logo_text":"InBio","rainbow_logo_text_font":{"font-family":"","font-options":"","google":"1","font-weight":"","font-style":"","text-transform":"","font-size":"","color":""},"rainbow_scroll_to_top_enable":"yes","rainbow_scroll_to_top_position":"left","social_title":"Follow us","rainbow_social_share_title":"find with me","social_facebook":"#","social_twitter":"#","social_linkedin":"#","social_youtube":"","social_instagram":"","social_tiktok":"","social_telegram":"","social_snapchat":"","social_whatsapp":"","social_pinterest":"","social_reddit":"","social_qq":"","social_vimeo":"","social_skype":"","social_viber":"","social_wordpress":"","social_discord":"","social_stack_overflow":"","social_stack_dribbble":"","social_stack_behance":"","rainbow_enable_header":"1","rainbow_header_sticky":"1","rainbow_header_transparent":"0","rainbow_header_offset":"110","rainbow_select_header_template":"1","rainbow_enable_button":"1","button_txt":"BUY NOW","button_url":"https:\/\/themeforest.net\/checkout\/from_item\/39221039?license=regular","button_target":"_blank","button_type":"rn-btn","rainbow_social_share_button":"1","rainbow_minicart_icon":"1","rainbow_page_banner_enable":"yes","rainbow_page_breadcrumb_enable":"yes","rainbow_project_archive_banner_enable":"yes","rainbow_project_archive_breadcrumb_enable":"yes","rainbow_project_archive_sidebar":"right","rainbow_project_modal_popup_display":"yes","rainbow_project_archive_col_lg":"6","rainbow_project_archive_col_md":"6","rainbow_project_archive_col_sm":"12","rainbow_project_archive_col":"12","rainbow_project_image_size":"","rainbow_show_project_category":"yes","rainbow_show_project_like":"yes","project_slug":"projects","projects_cat_slug":"projects-cat","rainbow_single_project_breadcrumb_enable":"yes","rainbow_single_project_pos":"full","rainbow_show_single_project_like":"yes","like_txt":"LIKE THIS","view_txt":"VIEW PROJECT","rainbow_project_popup_layout":"left","rainbow_project_popup_image_size":"","modal_like_txt":"LIKE THIS","modal_view_txt":"VIEW PROJECT","rainbow_blog_banner_enable":"yes","rainbow_blog_breadcrumb_enable":"yes","rainbow_blog_sidebar":"right","rainbow_show_post_author_meta":"yes","rainbow_show_post_publish_date_meta":"yes","rainbow_show_post_updated_date_meta":"no","rainbow_show_post_reading_time_meta":"yes","rainbow_show_post_view":"no","rainbow_show_post_comments_meta":"no","rainbow_show_post_categories_meta":"no","rainbow_show_post_tags_meta":"no","rainbow_enable_readmore_btn":"yes","rainbow_readmore_text":"Read More","rainbow_single_post_breadcrumb_enable":"yes","rainbow_single_pos":"full","rainbow_show_blog_details_author_meta":"yes","rainbow_show_blog_details_publish_date_meta":"yes","rainbow_show_blog_details_updated_date_meta":"no","rainbow_show_blog_details_reading_time_meta":"yes","rainbow_show_blog_details_comments_meta":"no","rainbow_show_blog_details_categories_meta":"no","rainbow_show_blog_details_tags_meta":"yes","rainbow_show_blog_details_post_view":"no","rainbow_blog_details_social_share":"","rainbow_footer_enable":"1","rainbow_select_footer_template":"1","rainbow_copyright_contact":"\u00a9 [year]. All rights reserved by <a href=\"https:\/\/themeforest.net\/user\/rainbow-themes\" target=\"_blank\" rel=\"noopener\">Rainbow-Themes<\/a>","footer_logo_display":"","rainbow_404_title":"404!","rainbow_404_subtitle":"Page not found","rainbow_404_content":"The page you were looking for could not be found.","rainbow_enable_go_back_btn":"yes","rainbow_button_text":"Back to Homepage","rainbow_shop_banner_enable":"yes","rainbow_shop_breadcrumb_enable":"yes","wc_general_sidebar":"right","wc_num_product_per_row":"2","wc_num_product":"8","rainbow_products_breadcrumb_enable":"yes","wc_cats":"1","wc_tags":"1","wc_related":"1","wc_description":"1","wc_reviews":"1","wc_additional_info":"1","wc_cross_sell":"1","rainbow_enable_intro_video":"yes","rainbow_intro_greeting_message":"Hello","rainbow_intro_video_url":{"url":"https:\/\/rainbowit.net\/themes\/inbio\/wp-content\/uploads\/2022\/09\/intro-video-rbt.mp4","id":"4533","height":"1920","width":"1080","thumbnail":"https:\/\/rainbowit.net\/themes\/inbio\/wp-includes\/images\/media\/video.png"},"rainbow_intro_video_poster":{"url":"https:\/\/rainbowit.net\/themes\/inbio\/wp-content\/uploads\/2022\/09\/insto-video-start-f.jpg","id":"4532","height":"1920","width":"1080","thumbnail":"https:\/\/rainbowit.net\/themes\/inbio\/wp-content\/uploads\/2022\/09\/insto-video-start-f-150x150.jpg"},"rainbow_intro_video_position":"right","redux-backup":1}